date	sha	gbps	tag
2024-08-24	434b11a977	0.541489	v2.9.1
2024-09-01	9a59edb3a0	0.540185	
2024-09-01	d1e87a7ead	0.540560	
2024-09-01	989bc53872	0.541232	
2024-09-01	c149d0b7cd	0.541596	
2024-09-01	f58e0ffcfa	0.537218	
2024-09-01	59cc693516	0.540778	
2024-09-02	08851a3e03	0.537041	
2024-09-02	1cca580d85	0.540116	v2.9.2
2024-09-02	0190831e16	0.523549	
2024-09-02	052d3428d5	0.529672	
2024-09-02	679ce2d62a	0.532425	
2024-09-02	7f1a84347f	0.531888	
2024-09-02	8424a8e5c8	0.529865	
2024-09-02	9a1fcad41b	0.521751	
2024-09-02	a23c69fac7	0.531889	
2024-09-02	afa68ce905	0.501034	
2024-09-02	e4b2293b42	0.524996	
2024-09-02	f77820dd57	0.531959	
2024-09-02	fa8fbf0b7a	0.526074	
2024-09-02	9ec9445351	0.525132	
2024-09-03	16ed88eec6	0.525461	
2024-09-03	5fc19f4a8d	0.528398	
2024-09-03	4ace34bae7	0.520948	
2024-09-06	b431670699	0.527005	
2024-09-18	7459f6593f	0.527533	
2024-09-18	e730702cb2	0.527221	
2024-09-18	9bb54ec508	0.530498	
2024-10-05	3beec34e82	0.527370	
2024-10-05	c0ed932c1e	0.531004	
2024-10-07	ddada9b1a7	0.532379	
2024-10-08	1a705d5870	0.530826	
2024-10-08	2631aa6329	0.531907	
2024-10-08	16bd2cb0a6	0.530642	
2024-10-08	c51097c0ec	0.530708	
2024-10-08	136666273f	0.530471	
2024-10-08	14703dd19a	0.530691	
2024-10-10	37c49972af	0.519034	
2024-10-15	d10fce0483	0.517364	
2024-10-15	60f756c2a1	0.517840	
2024-10-15	6fc9a708eb	0.518297	
2024-10-15	e685c55f1b	0.517757	
2024-10-16	63cb72a44a	0.530447	
2024-10-18	f3da837211	0.529532	
2024-11-02	7a9f5918a4	0.534522	
2024-11-02	fdca317d55	0.531063	
2024-11-02	9302e19718	0.531009	
2024-11-02	e91877bf13	0.527684	
2024-11-09	9dc3492568	0.533512	
2024-11-09	681431d8f5	0.530941	
2024-11-09	5a99dc5db5	0.530743	
2024-11-09	2c99f658b3	0.533179	
2024-11-12	f0cac8dd9f	0.529547	
2024-11-12	b6bfebb857	0.532940	
2024-11-12	7eb7727ee2	0.531141	
2024-11-18	418f36f313	0.533574	
2024-11-20	c3cbb51c6b	0.538258	
2024-11-21	0f9cac409c	0.534126	
2024-11-21	363501bb47	0.543026	
2024-11-30	3f1ff2b2d2	0.535796	
2024-11-30	1410b0b3d4	0.539581	
2024-11-30	40968587e3	0.537949	
2024-12-01	6bd7ab9465	0.538784	
2024-12-01	afd9db5b47	0.540121	
2024-12-01	f7fbea5725	0.539137	
2024-12-05	ec7338affb	0.540160	
2024-12-05	b747c7a271	0.543162	
2024-12-05	7b6ccf190f	0.536287	
2024-12-19	e49169f46f	0.540033	
2024-12-20	925969b27e	0.538365	
2024-12-24	fb0e5bd8c5	0.545748	
2024-12-26	3a302b5f4f	0.541838	
2025-01-01	390b23baa3	0.536300	
2025-01-05	63a65f1080	0.542025	
2025-01-05	a383f41041	0.540477	
2025-01-08	02ca5208a9	0.536317	
2025-01-08	04d15d4a7f	0.524996	
2025-01-08	06264b9274	0.529116	
2025-01-08	06b9a45338	0.536892	
2025-01-08	09b66d5408	0.530370	
2025-01-08	0a23fb7a6f	0.526854	
2025-01-08	0b04fca575	0.522560	
2025-01-08	0cf0f83787	0.531439	
2025-01-08	0f4ea6682e	0.532465	
2025-01-08	1005eb8dfb	0.514730	
2025-01-08	10400e7f29	0.531558	
2025-01-08	15ef7b082a	0.526168	
2025-01-08	1629b61625	0.523954	
2025-01-08	19ccabe302	0.539204	
2025-01-08	1adadc7317	0.514549	
2025-01-08	1ee34da1aa	0.516396	
2025-01-08	20b4e4cc8d	0.530122	
2025-01-08	2339e798cc	0.526976	
2025-01-08	252f243725	0.526838	
2025-01-08	256a678be2	0.532134	
2025-01-08	25e13ff482	0.514281	
2025-01-08	27892f89fe	0.533094	
2025-01-08	2b42afb889	0.528330	
2025-01-08	2ef322810f	0.523012	
2025-01-08	2f8ecef682	0.515805	
2025-01-08	32fe74ace7	0.534686	
2025-01-08	330d3d46a7	0.522695	
2025-01-08	3456367f87	0.525083	
2025-01-08	34f7a81cf6	0.524344	
2025-01-08	369e310af9	0.531935	
2025-01-08	37924453f8	0.526102	
2025-01-08	3a5e1d4447	0.527718	
2025-01-08	3a8ed08a54	0.527641	
2025-01-08	3bd70964db	0.536571	
2025-01-08	3c4bf3bbae	0.519538	
2025-01-08	3cd03089e3	0.513757	
2025-01-08	3ee8a2e071	0.526699	
2025-01-08	3fb86772a4	0.530772	
2025-01-08	404338a487	0.541035	
2025-01-08	413f406859	0.527523	
2025-01-08	43e6dc320b	0.527494	
2025-01-08	45fe588e27	0.526087	
2025-01-08	462db698d2	0.538594	
2025-01-08	4a5a5ab386	0.534702	
2025-01-08	4ac1cfcc57	0.520184	
2025-01-08	4c66ef0496	0.530360	
2025-01-08	4c7027e1c8	0.533864	
2025-01-08	4cbb5032c0	0.519050	
2025-01-08	4e559a9be0	0.538609	
2025-01-08	4fa3523cfa	0.523068	
2025-01-08	5031d23e31	0.525054	
2025-01-08	510a07bcf4	0.530889	
2025-01-08	534f0d26d8	0.529545	
2025-01-08	54665b8e61	0.517792	
2025-01-08	55d945cc04	0.522105	
2025-01-08	56343398a3	0.534706	
2025-01-08	565bad1afd	0.529095	
2025-01-08	5739495409	0.527010	
2025-01-08	5934f093dc	0.522523	
2025-01-08	5a8fd6ba1a	0.521675	
2025-01-08	5e801361f8	0.535454	
2025-01-08	5ec00cfc08	0.529704	
2025-01-08	65ca433892	0.530867	
2025-01-08	66d96e9486	0.519749	
2025-01-08	6782e8654f	0.522204	
2025-01-08	68324417f3	0.520167	
2025-01-08	6905ec585a	0.534383	
2025-01-08	69595f011c	0.527309	
2025-01-08	6afb5f4d2e	0.517938	
2025-01-08	6b4104b62f	0.527165	
2025-01-08	6f2de0255b	0.536281	
2025-01-08	70d0c5f0d8	0.531659	
2025-01-08	722380031d	0.525618	
2025-01-08	7441e0e0b2	0.530458	
2025-01-08	7797da0a96	0.511222	
2025-01-08	79bf50cc79	0.522163	
2025-01-08	7b9be1a17c	0.523291	
2025-01-08	7dd66ac836	0.537825	
2025-01-08	7e75789a38	0.523753	
2025-01-08	7f1cd12ede	0.518046	
2025-01-08	7f35bd4d30	0.528694	
2025-01-08	80056a6b7c	0.525701	
2025-01-08	84439a4162	0.519223	
2025-01-08	859b8f3ea7	0.515592	
2025-01-08	863fcefcd9	0.532659	
2025-01-08	86ba230316	0.528057	
2025-01-08	894ac229de	0.538675	
2025-01-08	8a37396674	0.520919	
2025-01-08	8ab4503c12	0.530663	
2025-01-08	8b93fb02a4	0.520394	
2025-01-08	8cf8d110fc	0.524446	
2025-01-08	8f8e8f23dc	0.520418	
2025-01-08	927694eee6	0.523695	
2025-01-08	92e47c8241	0.531958	
2025-01-08	9460d8dc70	0.536198	
2025-01-08	955396aa8f	0.523961	
2025-01-08	976d8a923f	0.526228	
2025-01-08	a02792894d	0.528082	
2025-01-08	a0f0388660	0.530171	
2025-01-08	a37627d3a9	0.531050	
2025-01-08	a3b46b84ec	0.538960	
2025-01-08	a542d1357b	0.512123	
2025-01-08	a5c2876173	0.518058	
2025-01-08	a8a3ecc488	0.524552	
2025-01-08	a92c81ada4	0.516962	
2025-01-08	ab15eef46d	0.529569	
2025-01-08	abbd103896	0.519259	
2025-01-08	acef83eca2	0.531328	
2025-01-08	ad6c6da966	0.525930	
2025-01-08	b1c1b6b269	0.525967	
2025-01-08	b22e286d0b	0.537088	
2025-01-08	b384104939	0.512346	
2025-01-08	b391033dfd	0.529718	
2025-01-08	b5ac7a7501	0.529037	
2025-01-08	b8d8872a6d	0.529299	
2025-01-08	ba9118182f	0.531726	
2025-01-08	bb646707cd	0.519604	
2025-01-08	be7a92a883	0.531196	
2025-01-08	c34560bb93	0.528339	
2025-01-08	c5bc8e0b4d	0.518726	
2025-01-08	c5f1373cd3	0.517164	
2025-01-08	c89421b378	0.514190	
2025-01-08	c8997fa3e3	0.525555	
2025-01-08	c9e2576cf1	0.529977	
2025-01-08	cb9f9fb322	0.527306	
2025-01-08	cc8843f593	0.530037	
2025-01-08	cda2446f47	0.525093	
2025-01-08	cee2b78632	0.526215	
2025-01-08	cffdeeee1d	0.516770	
2025-01-08	d019ca0396	0.527447	
2025-01-08	d3d79c5399	0.525636	
2025-01-08	d645fac9de	0.523144	
2025-01-08	d6764ce72b	0.523118	
2025-01-08	d7b26d2aea	0.526957	
2025-01-08	d88d94a285	0.521725	
2025-01-08	d910b8cea7	0.532458	
2025-01-08	db0df8d49c	0.528585	
2025-01-08	db0e24f58b	0.520500	
2025-01-08	dbf44b918f	0.535918	
2025-01-08	dfbb9d6b0f	0.525155	
2025-01-08	e16ef1dc1c	0.523364	
2025-01-08	e6f7882252	0.520367	
2025-01-08	eb9248284e	0.523860	
2025-01-08	f0eadad94d	0.516269	
2025-01-08	f3fc897f61	0.528116	
2025-01-08	f571b628de	0.529995	
2025-01-08	f59727474e	0.527955	
2025-01-08	f838f4a61d	0.526721	
2025-01-08	fac55b4e6e	0.521337	
2025-01-09	f1eee2a70d	0.526932	
2025-01-12	0394a7cfbf	0.531827	
2025-01-17	7dc872bfbc	0.526663	
2025-01-20	920a8b34c1	0.527231	
2025-01-22	122767e348	0.528797	
2025-01-22	31d23a3379	0.529971	
2025-01-22	48ffd7d355	0.526195	
2025-01-22	57d3866b1d	0.506996	
2025-01-22	60c1e3bb7b	0.510614	
2025-01-22	655e4295ff	0.510242	
2025-01-22	864025ebce	0.524101	
2025-01-22	8777cfe7f0	0.535129	
2025-01-22	8d9c618dc5	0.522285	
2025-01-22	974b072cbc	0.520422	
2025-01-22	9c51a1e50d	0.523689	
2025-01-22	a0563a3ae1	0.507496	
2025-01-22	a2c15d83d7	0.527575	
2025-01-22	b588ccb665	0.531222	
2025-01-22	c505a10354	0.519447	
2025-01-22	c85850f321	0.502223	
2025-01-22	dc2aef121b	0.523702	
2025-01-22	dcba896852	0.527631	
2025-01-22	e20a81c2b2	0.537044	
2025-01-23	9daa040ff3	0.507641	
2025-01-23	89e4021287	0.507132	
2025-01-24	ecdb978493	0.522926	
2025-01-27	aec5864edc	0.523281	
2025-01-27	ef487c828d	0.522082	
2025-01-27	4d0e48c33c	0.531305	
2025-01-27	27e7f7cf11	0.521534	
2025-01-27	ea07694f00	0.521911	
2025-01-29	ff92faaee4	0.523025	
2025-01-30	f8507a1f04	0.523820	
2025-01-30	879f5b64e3	0.523138	
2025-01-30	4ec60ff160	0.524297	
2025-01-30	d44402b86c	0.523419	v3.0.0
2025-01-30	c1df59594b	0.525575	
2025-01-30	1492acb8a5	0.522605	v3.0.1
2025-01-31	ac78801490	0.537084	
2025-01-31	d80124a827	0.532929	
2025-02-01	bedd4f285b	0.541145	
2025-02-01	526f0eb732	0.531942	
2025-02-01	0e95ccdd71	0.536275	
2025-02-01	616923336c	0.533282	
2025-02-03	f2165c59ff	0.532604	
2025-02-07	7137b3e0ca	0.533412	
2025-02-10	9cf51507a7	0.531493	
2025-02-10	6052654355	0.537062	
2025-02-11	8d3068ea14	0.531017	v3.1.0
2025-02-14	3037390dee	0.536575	
2025-02-15	0312be02d8	0.536817	
2025-02-15	362126e114	0.535992	
2025-02-15	de4790c5e4	0.531681	
2025-02-15	7f1e854155	0.532222	
2025-02-15	8ea5ae5beb	0.530822	
2025-02-15	acae0342a7	0.528477	
2025-02-16	997143b22a	0.532266	
2025-02-17	5b8cf71476	0.526534	
2025-02-17	9a772e4ca3	0.528913	
2025-02-17	9f0ed2d2d2	0.528423	
2025-02-17	a8ce381a66	0.526979	
2025-02-18	973740789f	0.543579	
2025-02-18	b35974322a	0.539836	
2025-02-23	2bbe8f1910	0.532652	
2025-02-23	875f63351d	0.539450	v3.1.1
2025-02-25	abdc319ea3	0.539584	
2025-02-25	c0ae347351	0.539571	
2025-02-25	88f992e29d	0.540175	v3.1.2
2025-02-26	4086019897	0.543755	
2025-02-26	ae4d67a455	0.542037	
2025-02-26	648821c6b4	0.543962	v3.1.3
2025-03-01	b28df404c2	0.537463	
2025-03-01	0171497b55	0.536388	
2025-03-01	ccb7b52de1	0.540390	
2025-03-01	5f1c29bf1c	0.536031	
2025-03-01	a86b996a2f	0.540192	
2025-03-01	30a2aaf2b7	0.537640	
2025-03-01	8127fb5181	0.540096	
2025-03-01	2c110e5c77	0.540532	
2025-03-03	74fecf1fbb	0.536266	
2025-03-06	c22e188fb7	0.531785	
2025-03-08	aac12b2beb	0.531456	
2025-03-08	2e09b54643	0.535508	
2025-03-08	582c376c95	0.531828	
2025-03-08	cc81a77c5d	0.535295	
2025-03-08	e512e595dd	0.538524	
2025-03-09	152c1987bb	0.532679	
2025-03-09	53117844d2	0.528531	
2025-03-09	6440fcabb2	0.528651	
2025-03-09	9101fba1e6	0.531463	
2025-03-09	af0770e91e	0.527101	
2025-03-10	16579b880e	0.526089	
2025-03-10	1ffab99cc6	0.535741	
2025-03-10	83b7681f11	0.528318	v3.2.0
2025-03-10	d97a2c8d70	0.535355	
2025-03-10	31edab7afa	0.532400	v3.2.1
2025-03-13	7e1594bcb5	0.532640	
2025-03-19	22a725c51b	0.525587	
2025-03-19	58042177d6	0.531501	
2025-03-19	9fd1cf64f2	0.533273	
2025-03-20	8b33aaa2f3	0.531598	
2025-03-21	8211743839	0.532345	
2025-03-24	6eeec3c1e3	0.527922	
2025-03-24	bb5232160d	0.533298	
2025-03-27	ed8e803c3a	0.531733	
2025-03-30	220788b8e0	0.531691	v3.2.2
2025-04-01	29be0d2560	0.520978	
2025-04-01	ceaa4932b2	0.532365	
2025-04-01	ab8d897a0c	0.526635	
2025-04-01	59753dd20a	0.523350	
2025-04-01	f3a0009b3f	0.524887	
2025-04-01	121c6a7303	0.529429	
2025-04-09	374eeaf65a	0.533666	
2025-04-24	301b0524d9	0.528854	
2025-04-24	1a7ecdc1b7	0.524839	
2025-04-24	5e9d511445	0.534081	v3.2.3
2025-04-28	1b02e31fd7	0.530172	
2025-04-28	1f6a90241a	0.522393	
2025-04-28	010f7c45ae	0.526627	v3.2.4
2025-04-30	0e1847f551	0.525352	
2025-05-02	5d747d6deb	0.520516	
2025-05-02	75a503efaa	0.525267	
2025-05-02	7b74257b9d	0.523637	
2025-05-02	e402eaad5f	0.524434	
2025-05-02	13495307da	0.521015	
2025-06-01	8417fc9f94	0.526365	
2025-06-01	0a47a66143	0.524414	
2025-06-01	5da44f1c34	0.520251	
2025-06-01	bba18f3ef2	0.523558	
2025-06-02	667c3cd123	0.521890	
2025-06-14	dfed89ba98	0.520308	
2025-06-26	bd805214b8	0.522360	
2025-06-26	392d4b725c	0.528061	
2025-06-29	523e9e2e18	0.519961	
2025-06-29	b22b043c0c	0.524103	
2025-06-30	f706c786ea	0.530528	
2025-06-30	a85298d986	0.535314	
2025-06-30	a3b57b2ce2	0.530107	v3.2.5
2025-07-01	49dbc82378	0.530549	
2025-07-01	bac671b0b1	0.531423	
2025-07-04	dbd9e11694	0.535428	
2025-07-06	8fd0024ba8	0.529276	
2025-07-06	77ff26a4c6	0.531633	
2025-07-06	ec6a44ba1a	0.531207	
2025-07-07	4ab1626bed	0.529803	
2025-07-10	f28141edf0	0.525822	
2025-07-10	dd38444665	0.529703	
2025-07-16	aa8e404381	0.524803	
2025-07-16	99569f85db	0.525916	v3.2.6
2025-07-21	47fcfe5c18	0.526461	
2025-07-21	7e0535cbc5	0.528330	
2025-07-23	5be04e1ec9	0.520631	
2025-07-27	3b5947c2eb	0.526357	
2025-07-27	0efc30ced9	0.521972	v3.2.7
2025-08-01	84a43228a0	0.526545	
2025-08-01	2e51999e0a	0.520415	
2025-09-19	c577b16188	0.525749	
2025-09-20	9bad04418e	0.524372	
2025-09-20	87750601de	0.526587	
2025-09-22	0d63acb4e7	0.533571	
2025-09-22	ad370454db	0.529462	v3.2.8
2025-09-22	6b4612162c	0.528996	v3.2.9
2025-09-23	eebd82b851	0.532794	
2025-09-23	9741419e8f	0.532418	
2025-09-23	9c0370e26b	0.530014	v3.3.0
2025-09-23	5c5caffb5a	0.532871	
2025-09-24	de30092871	0.533582	
2025-10-03	a048064781	0.537219	
2025-10-03	619b457a1b	0.529381	
2025-10-03	bc89fc05d1	0.533567	
2025-10-03	9ab0b7b29d	0.532860	
2025-10-03	8db91be8b7	0.528469	
2025-10-03	dc59286ab4	0.537520	
2025-10-03	f3ad8a179e	0.533663	
2025-10-10	651e6af78d	0.534218	
2025-10-13	413c53b2f7	0.529229	
2025-11-01	b3659e9a12	0.533430	
2025-11-01	58b4170853	0.529841	
2025-11-01	028f87338a	0.533828	
2025-11-01	4bd2b7e13a	0.536778	
2025-11-01	e8d7f6eab0	0.532330	
2025-11-07	34a939323a	0.533109	
2025-11-15	c38f67ab81	0.538719	
2025-11-17	2c8cfc851b	0.539342	
2025-12-01	5e3a0d95c0	0.536476	
2025-12-01	ca682483a1	0.542814	
2025-12-01	040579111c	0.536088	
2025-12-01	f782fa7a59	0.544930	
2025-12-03	4f1908eda9	0.532209	
2025-12-08	31b1f282c6	0.528344	
2025-12-09	662de99d89	0.532847	
2025-12-09	236e5194d8	0.522431	
2025-12-10	52be58de96	0.521934	
2025-12-10	8139b3f636	0.518727	
2025-12-10	bc71ba709d	0.522342	
2025-12-11	efbd82e3b5	0.536495	
2025-12-11	c6e4d9026f	0.535076	
2025-12-24	99fb0e6070	0.534230	
2025-12-26	92cead193c	0.533847	
2025-12-26	dfefbea5e3	0.538511	
2025-12-29	33f12b085e	0.534966	
2025-12-29	4ae54d5f75	0.533492	
2025-12-29	c08da51f08	0.532394	
2025-12-30	13622af537	0.533919	
2026-01-01	7336b39e50	0.538025	
2026-01-01	5ef8ff69f6	0.536147	
2026-01-01	f0156ad13f	0.538107	
2026-01-01	13510b0702	0.538033	
2026-01-01	d2bfe3f722	0.534463	
2026-01-01	0f3600a5bb	0.536565	
2026-01-03	de8968554e	0.537179	
2026-01-06	9e5ef9b1bd	0.535507	
2026-01-06	9cf662764a	0.537088	
2026-01-08	e93a961fde	0.519778	
2026-01-08	b80c05bafe	0.516927	
2026-01-08	c30382ee3f	0.527362	v3.4.0
2026-01-08	c4e2353088	0.521910	
2026-01-08	81e33700c4	0.520535	v3.4.1
2026-01-12	d044d7552d	0.528102	
2026-01-18	8d7763b2e1	0.523024	
2026-01-20	b3afb91a34	0.522732	
2026-01-23	899e14e1a0	0.527706	
2026-01-30	9f6c6d3902	0.527261	
2026-01-30	05ed81ca44	0.527229	v3.4.2
2026-02-01	875b57032f	0.523900	
2026-02-01	a8c19b77a3	0.527620	
2026-02-01	d26d230981	0.532481	
2026-02-01	4538c4e261	0.524528	
2026-02-01	5440790dae	0.528211	
2026-02-01	085009d488	0.528473	
2026-02-02	44540857ee	0.523880	
2026-02-03	9881ddacba	0.527993	
2026-02-06	4decd01b34	0.524114	
2026-02-06	77b8e562bd	0.531738	
2026-02-22	94cdbf39e4	0.526049	
2026-02-23	d50d534e13	0.523229	
2026-02-23	3c84d730f6	0.523339	v3.4.3
2026-03-01	fd0cc88a61	0.527371	
2026-03-01	2208d3ffb4	0.526993	
2026-03-01	dbb18b16b2	0.527776	
2026-03-08	774a1b176b	0.531171	
2026-03-18	82a0a53ccd	0.538813	
2026-03-18	305c388816	0.547734	
2026-03-21	d82df393b6	0.538527	
2026-03-22	3e20f41a5b	0.542556	
2026-03-23	06cd26f9e6	0.543969	
2026-03-23	8d50724a7d	0.539889	v3.4.4
2026-03-24	14ef611f20	0.543221	
2026-03-25	935ae57ea0	0.547923	
2026-03-25	31c11c44f6	0.543912	
2026-03-25	3b9bacbdae	0.543113	
2026-03-28	5737046670	0.537935	
2026-03-29	a3cbb2c4c0	0.543495	
2026-03-29	377952b226	0.547379	
2026-03-30	b3a7ce416b	0.547615	
2026-03-31	ed4fa6cb5f	0.544386	
2026-04-01	b80fb89d08	0.545470	
2026-04-01	5866c3f07f	0.544139	
2026-04-01	1435354538	0.544186	
2026-04-01	212a91c62c	0.543872	
2026-04-01	08f2f9ed7e	0.538420	
2026-04-01	5bb6647100	0.548540	
2026-04-05	95895d6c40	0.539054	
2026-04-10	67b42452eb	0.536799	
2026-04-10	aaa40550c4	0.540875	
2026-04-29	405b37d19f	0.545370	
2026-05-01	4bee4f3703	0.545490	
2026-05-01	fa2e0114ff	0.544118	
2026-05-01	21d84eec80	0.548926	
2026-05-01	da8d58535c	0.545604	
2026-05-01	9c51b43737	0.546154	
2026-05-01	de25505c92	0.544522	
2026-05-05	e56e460531	0.539246	
2026-05-11	c9adf5e76c	0.534836	
2026-05-11	d53b806141	0.533867	
2026-05-12	de1bb257fb	0.529434	
2026-05-19	893025824f	0.529058	
2026-05-21	39d44d9d31	0.541248	
2026-05-21	9c6a907083	0.540578	
2026-05-25	b05c7cca3a	0.540567	
2026-05-25	d421a79d4b	0.540222	
2026-05-25	c13160b1aa	0.536330	
2026-05-25	9463d20a68	0.523388	
2026-05-26	215d6144af	0.529368	
2026-06-02	45e5beb76a	0.534730	
2026-06-02	a99a433977	0.533880	
2026-06-02	8dc00b048c	0.530390	
2026-06-03	791fb5c0a5	0.534085	
2026-06-29	9d6ccacd61	0.529949	
2026-07-01	dd9edb8fe7	0.538532	
2026-07-01	650007111f	0.538256	
2026-07-01	0fb1399d24	0.534440	
2026-07-01	9491ac7c78	0.538317	
2026-07-01	1245a1e088	0.529460	
2026-07-01	4b65676b78	0.534729	
2026-07-03	f25d799e3d	0.530330	
2026-07-03	f9bc0f2ed7	0.533926	
2026-07-03	3cafc48d51	0.533628	
2026-07-03	1209ee8e21	0.526999	
2026-07-04	5bc74596fc	0.530858	
2026-07-04	bb0141e24d	0.526703	
2026-07-06	5b94addcba	0.538296	
2026-07-09	761db09e5d	0.533829	
2026-07-10	7e3af8a62f	0.538334	
2026-07-11	013a36e413	0.541315	
2026-07-11	c4f3af647c	0.542189	
2026-07-11	37bbc4a14d	0.543190	
2026-07-11	e441d2c195	0.547551	
2026-07-12	46746c907e	0.536580	
2026-07-12	cf85bbf86e	0.718578	
2026-07-13	cfb50a5147	0.711013	
2026-07-13	061906916e	0.756914	
2026-07-13	9a45290ee3	0.756187	
2026-07-13	9d633daf10	0.760353	
2026-07-13	be4c6745e0	0.760983	
2026-07-13	4fe8a2415f	0.710295	
2026-07-14	e2bb50434a	0.705211	
2026-07-14	1e3b300977	0.706601	
2026-07-15	56950d382e	0.712449	
2026-07-16	be32288df9	0.711802	
2026-07-17	fbea5b017d	0.707436	
2026-07-17	8942938b89	0.718523	
2026-07-19	308110b26b	0.718968	
2026-07-27	95608e55bc	0.708695	
2026-07-27	e8a0a84068	0.711788	
2026-07-27	16a5772360	0.708610	
2026-07-27	c041a5e826	0.708634	
2026-07-27	b12a893a45	0.707254	v4.0.0
2026-07-27	30f3f3020c	0.707640	
2026-07-31	d154358805	0.712596	
2026-07-31	d0d70e3528	0.699954	
2026-08-01	df2521c37d	0.693027	
2026-08-01	1038e274a4	0.694868	
2026-08-01	74182a1585	0.705124	
2026-08-01	cac6a7271d	0.699845	
2026-08-01	32dabc8d39	0.704583	
2026-08-06	097ce22aab	0.700651	
2026-08-06	9c626c5aea	0.699774	
2026-08-06	a9951070ac	0.713850	
2026-08-06	af50c9f911	0.694406	
2026-08-06	6cfb39c0cf	0.703542	
2026-08-11	9c1ca2645c	0.711869	
2026-08-17	0b88932ff5	0.923812	
2026-08-17	6cf5db38a3	0.927890	
2026-08-17	b9e3d09269	0.929981	
2026-08-17	2705334342	1.026071	
2026-08-17	18c65ce030	1.243558	
2026-08-18	2dd91945f2	1.279838	
2026-08-18	87fe61270a	1.292213	
2026-08-20	5642b525d8	1.300050	
2026-08-20	86c96add23	1.298665	
2026-08-20	4b8b4bfe5b	1.311326	
2026-08-20	18ca958b19	1.305752	
2026-08-21	fa9a175946	1.290208	
2026-08-22	c229795fc2	1.277391	
